{
  "test_mvp.py": 1775631784.2487354,
  "config_loader.py": 1775631784.2487469,
  "data_versioning.py": 1775636835.4790604,
  "utils.py": 1775631784.248758,
  "train.py": 1775631784.2486172,
  "reproduce_experiment.py": 1775636850.2260613,
  "features/registry.py": 1775631784.2520595,
  "features/__init__.py": 1775631784.252041,
  "features/base.py": 1775631784.2520504,
  "features/built_in/rolling_stats.py": 1775631784.2519512,
  "features/built_in/calendar_features.py": 1775631784.2519603,
  "features/built_in/__init__.py": 1775631784.251918,
  "features/built_in/lag_features.py": 1775631784.251938,
  "pipelines/training.py": 1775632319.78884,
  "pipelines/batch_inference.py": 1775631784.2521498,
  "pipelines/__init__.py": 1775631784.252105,
  "tests/__init__.py": 1775631784.2523913,
  "tests/conftest.py": 1775631784.2524133,
  "tests/integration/__init__.py": 1775631784.252321,
  "tests/integration/test_training_pipeline.py": 1775631784.2523544,
  "tests/unit/test_models.py": 1775631784.2522633,
  "tests/unit/__init__.py": 1775631784.252223,
  "tests/unit/test_data_sources.py": 1775631784.2522426,
  "tests/unit/test_features.py": 1775631784.2522542,
  "data_sources/dummy_generator.py": 1775631784.2514098,
  "data_sources/__init__.py": 1775631784.2513888,
  "data_sources/base.py": 1775631784.2514007,
  "data_sources/offline_source.py": 1775631784.2514186,
  "models/registry.py": 1775631784.251695,
  "models/__init__.py": 1775631784.2516763,
  "models/base.py": 1775631784.2516856,
  "models/classical/__init__.py": 1775631784.2515974,
  "models/classical/arima.py": 1775631784.2516305,
  "models/ml/__init__.py": 1775631784.2515383,
  "models/ml/lightgbm_model.py": 1775631784.2515585,
  "htmlcov/coverage_html_cb_dd2e7eb5.js": 1775631784.2527542,
  "DATA_VERSIONING.md": 1775635885.1306632,
  "USER_GUIDE.md": 1775633652.263905,
  "TROUBLESHOOTING.md": 1775631784.2486942,
  "CONTRIBUTING.md": 1775631784.2487092,
  "requirements.txt": 1775632248.2308366,
  "TECHNICAL_ARCHITECTURE.md": 1775633703.0189075,
  "PRD_MLOps_TimeSeries.md": 1775631783.6899776,
  "DEPLOYMENT_GUIDE.md": 1775631783.689883,
  "TESTING_GUIDE.md": 1775631783.6897492,
  "PRODUCTION_REPRODUCIBILITY.md": 1775637507.3320932,
  "API_REFERENCE.md": 1775631784.248679,
  "requirements-dev.txt": 1775631783.689801,
  "README.md": 1775633615.5389032,
  "Claude Code - MLOps/Welcome.md": 1775842446.6681664,
  "htmlcov/keybd_closed_cb_900cfef5.png": 1775631784.252769,
  "htmlcov/favicon_32_cb_c827f16f.png": 1775631784.252783
}